Date,Open,High,Low,Close,Volume
8/1/2022 16:00:00,277.82,281.28,275.84,278.01,21539580
8/2/2022 16:00:00,276,277.89,272.38,274.82,22754184
8/3/2022 16:00:00,276.76,283.5,276.61,282.47,23518874
8/4/2022 16:00:00,281.8,283.8,280.17,283.65,18098668
8/5/2022 16:00:00,279.15,283.65,278.68,282.91,16774606
8/8/2022 16:00:00,284.05,285.92,279.32,280.32,18757818
8/9/2022 16:00:00,279.64,283.08,277.61,282.3,23405238
8/10/2022 16:00:00,288.17,289.81,286.94,289.16,24687845
8/11/2022 16:00:00,290.85,291.21,286.51,287.02,20065938
8/12/2022 16:00:00,288.48,291.91,286.94,291.91,22619675
8/15/2022 16:00:00,291,294.18,290.11,293.47,18085654
8/16/2022 16:00:00,291.99,294.04,290.42,292.71,18102882
8/17/2022 16:00:00,289.74,293.35,289.47,291.32,18253358
8/18/2022 16:00:00,290.19,291.91,289.08,290.17,17186192
8/19/2022 16:00:00,288.9,289.25,285.56,286.15,20570033
8/22/2022 16:00:00,282.08,282.46,277.22,277.75,25061070
8/23/2022 16:00:00,276.44,278.86,275.4,276.44,17527409
8/24/2022 16:00:00,275.41,277.23,275.11,275.79,18137019
8/25/2022 16:00:00,277.33,279.02,274.52,278.85,16583407
8/26/2022 16:00:00,279.08,280.34,267.98,268.09,27549307
8/29/2022 16:00:00,265.85,267.4,263.85,265.23,20338544
8/30/2022 16:00:00,266.67,267.05,260.66,262.97,22767071
8/31/2022 16:00:00,265.39,267.11,261.33,261.47,24791834
9/1/2022 16:00:00,258.87,260.89,255.41,260.4,23263431
9/2/2022 16:00:00,261.7,264.74,254.47,256.06,22855380
9/6/2022 16:00:00,256.2,257.83,251.94,253.25,21328242
9/7/2022 16:00:00,254.7,258.83,253.22,258.09,24126700
9/8/2022 16:00:00,257.51,260.43,254.79,258.52,20319911
9/9/2022 16:00:00,260.5,265.23,260.29,264.46,22093190
9/12/2022 16:00:00,265.78,267.45,265.16,266.65,18747690
9/13/2022 16:00:00,258.84,260.4,251.59,251.99,33353318
9/14/2022 16:00:00,253.53,254.23,249.86,252.22,23912954
9/15/2022 16:00:00,249.77,251.4,244.02,245.38,31530948
9/16/2022 16:00:00,244.26,245.3,242.06,244.74,39791768
9/19/2022 16:00:00,242.47,245.14,240.85,244.52,26826931
9/20/2022 16:00:00,242.07,243.51,239.64,242.45,26660299
9/21/2022 16:00:00,244.27,247.66,238.9,238.95,28625557
9/22/2022 16:00:00,237.87,243.86,237.57,240.98,31061162
9/23/2022 16:00:00,239.54,241.13,235.2,237.92,34176048
9/26/2022 16:00:00,237.05,241.45,236.9,237.45,27694190
9/27/2022 16:00:00,239.98,241.8,234.5,236.41,27018732
9/28/2022 16:00:00,236.81,242.33,234.73,241.07,29029679
9/29/2022 16:00:00,238.89,239.95,234.41,237.5,27484233
9/30/2022 16:00:00,238.29,240.54,232.73,232.9,35694832
10/3/2022 16:00:00,235.41,241.61,234.66,240.74,28880357
10/4/2022 16:00:00,245.09,250.36,244.98,248.88,34888416
10/5/2022 16:00:00,245.99,250.58,244.1,249.2,20347136
10/6/2022 16:00:00,247.93,250.34,246.08,246.79,20239886
10/7/2022 16:00:00,240.9,241.32,233.17,234.24,37769602
10/10/2022 16:00:00,233.05,234.56,226.73,229.25,29743608
10/11/2022 16:00:00,227.62,229.06,224.11,225.41,30473954
10/12/2022 16:00:00,225.4,227.86,223.96,225.75,21903937
10/13/2022 16:00:00,219.85,236.1,219.13,234.24,42551818
10/14/2022 16:00:00,235.54,237.24,228.34,228.56,30198588
10/17/2022 16:00:00,235.82,238.96,235.14,237.53,28142268
10/18/2022 16:00:00,243.24,243.93,235.37,238.5,26329591
10/19/2022 16:00:00,237.04,239.61,234.29,236.48,19985698
10/20/2022 16:00:00,235.77,241.31,234.87,236.15,21811015
10/21/2022 16:00:00,234.74,243,234.5,242.12,26299733
10/24/2022 16:00:00,243.76,247.84,241.3,247.25,24911212
10/25/2022 16:00:00,247.26,251.04,245.83,250.66,34775505
10/26/2022 16:00:00,231.17,238.3,230.06,231.32,82684846
10/27/2022 16:00:00,231.04,233.69,225.78,226.75,40424645
10/28/2022 16:00:00,226.24,236.6,226.05,235.87,40647724
10/31/2022 16:00:00,233.76,234.92,231.15,232.13,28357265
11/1/2022 16:00:00,234.6,235.74,227.33,228.17,30592271
11/2/2022 16:00:00,229.46,231.3,220.04,220.1,38407008
11/3/2022 16:00:00,220.09,220.41,213.98,214.25,36633922
11/4/2022 16:00:00,217.55,221.59,213.43,221.39,36789063
11/7/2022 16:00:00,221.99,228.41,221.28,227.87,33497979
11/8/2022 16:00:00,228.7,231.65,225.84,228.87,28192548
11/9/2022 16:00:00,227.37,228.63,224.33,224.51,27852910
11/10/2022 16:00:00,235.43,243.33,235,242.98,46268021
11/11/2022 16:00:00,242.99,247.99,241.93,247.11,34620246
11/14/2022 16:00:00,241.99,243.91,239.21,241.55,31123340
11/15/2022 16:00:00,245.66,247,240.03,241.97,31390117
11/16/2022 16:00:00,242.79,243.8,240.42,241.73,24093272
11/17/2022 16:00:00,237.78,243.25,237.63,241.68,23123544
11/18/2022 16:00:00,243.51,243.74,239.03,241.22,27613523
11/21/2022 16:00:00,241.43,244.67,241.19,242.05,26394700
11/22/2022 16:00:00,243.59,245.31,240.71,245.03,19665699
11/23/2022 16:00:00,245.11,248.28,244.27,247.58,19508462
11/25/2022 13:05:00,247.31,248.7,246.73,247.49,9200772
11/28/2022 16:00:00,246.08,246.65,240.8,241.76,24810271
11/29/2022 16:00:00,241.4,242.79,238.21,240.33,17956313
11/30/2022 16:00:00,240.57,255.33,239.86,255.14,47594239
12/1/2022 16:00:00,253.87,256.12,250.92,254.69,26041524
12/2/2022 16:00:00,249.82,256.06,249.69,255.02,21528520
12/5/2022 16:00:00,252.01,253.82,248.06,250.2,23435294
12/6/2022 16:00:00,250.82,251.86,243.78,245.12,22463727
12/7/2022 16:00:00,244.83,246.16,242.21,244.37,20481522
12/8/2022 16:00:00,244.84,248.74,243.06,247.4,22611757
12/9/2022 16:00:00,244.7,248.31,244.16,245.42,20609743
12/12/2022 16:00:00,247.45,252.54,247.17,252.51,30665069
12/13/2022 16:00:00,261.69,263.92,253.07,256.92,42196884
12/14/2022 16:00:00,257.13,262.59,254.31,257.22,35410933
12/15/2022 16:00:00,253.72,254.2,247.34,249.01,35568093
12/16/2022 16:00:00,248.55,249.84,243.51,244.69,86101994
12/19/2022 16:00:00,244.86,245.21,238.71,240.45,29696436
12/20/2022 16:00:00,239.4,242.91,238.42,241.8,25150802
12/21/2022 16:00:00,241.69,245.62,240.11,244.43,23690607
12/22/2022 16:00:00,241.26,241.99,233.87,238.19,28651664
12/23/2022 16:00:00,236.11,238.87,233.94,238.73,21206982
12/27/2022 16:00:00,238.7,238.93,235.83,236.96,16688648
12/28/2022 16:00:00,236.89,239.72,234.17,234.53,17457104
12/29/2022 16:00:00,235.65,241.92,235.65,241.01,19770693
12/30/2022 16:00:00,238.21,239.96,236.66,239.82,21938472
1/3/2023 16:00:00,243.08,245.75,237.4,239.58,25740036
1/4/2023 16:00:00,232.28,232.87,225.96,229.1,50623394
1/5/2023 16:00:00,227.2,227.55,221.76,222.31,39585623
1/6/2023 16:00:00,223,225.76,219.35,224.93,43613574
1/9/2023 16:00:00,226.45,231.24,226.41,227.12,27369784
1/10/2023 16:00:00,227.76,231.31,227.33,228.85,27033881
1/11/2023 16:00:00,231.29,235.95,231.11,235.77,28669331
1/12/2023 16:00:00,235.26,239.9,233.56,238.51,27269486
1/13/2023 16:00:00,237,239.37,234.92,239.23,21333265
1/17/2023 16:00:00,237.97,240.91,237.09,240.35,29831257
1/18/2023 16:00:00,241.57,242.38,235.52,235.81,30028692
1/19/2023 16:00:00,233.78,235.52,230.68,231.93,28623033
1/20/2023 16:00:00,234.86,240.74,234.51,240.22,35389809
1/23/2023 16:00:00,241.1,245.17,239.65,242.58,31933951
1/24/2023 16:00:00,242.5,243.95,240.44,242.04,40234444
1/25/2023 16:00:00,234.48,243.3,230.9,240.61,66526641
1/26/2023 16:00:00,243.65,248.31,242,248,33454491
1/27/2023 16:00:00,248.99,249.83,246.83,248.16,26498939
1/30/2023 16:00:00,244.51,245.6,242.2,242.71,25867365
1/31/2023 16:00:00,243.45,247.95,242.95,247.81,26541072
2/1/2023 16:00:00,248,255.18,245.47,252.75,31259912
2/2/2023 16:00:00,258.82,264.69,257.25,264.6,39940437
2/3/2023 16:00:00,259.54,264.2,257.1,258.35,29077256
2/6/2023 16:00:00,257.44,258.3,254.78,256.77,22517997
2/7/2023 16:00:00,260.53,268.77,260.08,267.56,50841365
2/8/2023 16:00:00,273.2,276.76,266.21,266.73,54686049
2/9/2023 16:00:00,273.8,273.98,262.8,263.62,42375102
2/10/2023 16:00:00,261.53,264.09,260.66,263.1,25818489
2/13/2023 16:00:00,267.64,274.6,267.15,271.32,44630921
2/14/2023 16:00:00,272.67,274.97,269.28,272.17,37047924
2/15/2023 16:00:00,268.32,270.73,266.18,269.32,28962163
2/16/2023 16:00:00,264.02,266.74,261.9,262.15,29603616
2/17/2023 16:00:00,259.39,260.09,256,258.06,30000055
2/21/2023 16:00:00,254.48,255.49,251.59,252.67,28397444
2/22/2023 16:00:00,254.09,254.34,250.34,251.51,22491056
2/23/2023 16:00:00,255.56,256.84,250.48,254.77,29219095
2/24/2023 16:00:00,249.96,251,248.1,249.22,24990905
2/27/2023 16:00:00,252.46,252.82,249.39,250.16,21190042
2/28/2023 16:00:00,249.07,251.49,248.73,249.42,22490950
3/1/2023 16:00:00,250.76,250.93,245.79,246.27,27565259
3/2/2023 16:00:00,246.55,251.4,245.61,251.11,24833646
3/3/2023 16:00:00,252.19,255.62,251.39,255.29,30760136
3/6/2023 16:00:00,256.43,260.12,255.98,256.87,24109849
3/7/2023 16:00:00,256.3,257.69,253.39,254.15,21473179
3/8/2023 16:00:00,254.04,254.54,250.81,253.7,17340217
3/9/2023 16:00:00,255.82,259.56,251.58,252.32,26653387
3/10/2023 16:00:00,251.08,252.79,247.6,248.59,28333930
3/13/2023 16:00:00,247.4,257.91,245.73,253.92,33339721
3/14/2023 16:00:00,256.75,261.07,255.86,260.79,33620293
3/15/2023 16:00:00,259.98,266.48,259.21,265.44,46028047
3/16/2023 16:00:00,265.21,276.56,263.28,276.2,54832140
3/17/2023 16:00:00,278.26,283.33,276.32,279.43,69527371
3/20/2023 16:00:00,276.98,277.48,269.85,272.23,43466649
3/21/2023 16:00:00,274.88,275,269.52,273.78,34558704
3/22/2023 16:00:00,273.4,281.04,272.18,272.29,34873330
3/23/2023 16:00:00,277.94,281.06,275.2,277.66,36610879
3/24/2023 16:00:00,277.24,280.63,275.28,280.57,28199962
3/27/2023 16:00:00,280.5,281.46,275.52,276.38,26840212
3/28/2023 16:00:00,275.79,276.14,272.05,275.23,21878647
3/29/2023 16:00:00,278.96,281.14,278.41,280.51,25087032
3/30/2023 16:00:00,284.23,284.46,281.48,284.05,25053410
3/31/2023 16:00:00,283.73,289.27,283,288.3,32765976
4/3/2023 16:00:00,286.52,288.27,283.95,287.23,24883342
4/4/2023 16:00:00,287.23,290.45,285.67,287.18,25824299
4/5/2023 16:00:00,285.85,287.15,282.92,284.34,22064770
4/6/2023 16:00:00,283.21,292.08,282.03,291.6,29770334
4/10/2023 16:00:00,289.21,289.6,284.71,289.39,23102994
4/11/2023 16:00:00,285.75,285.98,281.64,282.83,27276589
4/12/2023 16:00:00,284.79,287.01,281.96,283.49,27403432
4/13/2023 16:00:00,283.59,289.9,283.17,289.84,24222678
4/14/2023 16:00:00,287,288.48,283.69,286.14,20987917
4/17/2023 16:00:00,289.93,291.6,286.16,288.8,23836223
4/18/2023 16:00:00,291.57,291.76,287.01,288.37,20161845
4/19/2023 16:00:00,285.99,289.05,284.54,288.45,17150271
4/20/2023 16:00:00,285.25,289.03,285.08,286.11,23244363
4/21/2023 16:00:00,285.01,286.27,283.06,285.76,21676387
4/24/2023 16:00:00,282.09,284.95,278.72,281.77,26611014
4/25/2023 16:00:00,279.51,281.6,275.37,275.42,45772236
4/26/2023 16:00:00,296.7,299.57,292.73,295.37,64599182
4/27/2023 16:00:00,295.97,305.2,295.25,304.83,46462638
4/28/2023 16:00:00,304.01,308.93,303.31,307.26,36469613
5/1/2023 16:00:00,306.97,308.6,305.15,305.56,21294115
5/2/2023 16:00:00,307.76,309.18,303.91,305.41,26404431
5/3/2023 16:00:00,306.62,308.61,304.09,304.4,22360754
5/4/2023 16:00:00,306.24,307.76,303.4,305.41,22519907
5/5/2023 16:00:00,305.72,311.97,304.27,310.65,28197052
5/8/2023 16:00:00,310.13,310.2,306.09,308.65,21318613
5/9/2023 16:00:00,308,310.04,306.31,307,21340829
5/10/2023 16:00:00,308.62,313,307.67,312.31,30078044
5/11/2023 16:00:00,310.1,311.12,306.26,310.11,31680179
5/12/2023 16:00:00,310.55,310.65,306.6,308.97,19774696
5/15/2023 16:00:00,309.1,309.9,307.59,309.46,16336547
5/16/2023 16:00:00,309.83,313.71,309.83,311.74,26730347
5/17/2023 16:00:00,312.29,314.43,310.74,314,24315012
5/18/2023 16:00:00,314.53,319.04,313.72,318.52,27275991
5/19/2023 16:00:00,316.74,318.75,316.37,318.34,27546701
5/22/2023 16:00:00,318.6,322.59,318.01,321.18,24115664
5/23/2023 16:00:00,320.03,322.72,315.25,315.26,30797173
5/24/2023 16:00:00,314.73,316.5,312.61,313.85,23384887
5/25/2023 16:00:00,323.24,326.9,320,325.92,43301743
5/26/2023 16:00:00,324.02,333.4,323.88,332.89,36630633
5/30/2023 16:00:00,335.23,335.74,330.52,331.21,29503070
5/31/2023 16:00:00,332.29,335.94,327.33,328.39,45950553
6/1/2023 16:00:00,325.93,333.53,324.72,332.58,26773851
6/2/2023 16:00:00,334.25,337.5,332.55,335.4,25873769
6/5/2023 16:00:00,335.22,338.56,334.66,335.94,21307053
6/6/2023 16:00:00,335.33,335.37,332.17,333.68,20396223
6/7/2023 16:00:00,331.65,334.49,322.5,323.38,40717129
6/8/2023 16:00:00,323.94,326.64,323.35,325.26,23277708
6/9/2023 16:00:00,324.99,329.99,324.41,326.79,22528950
6/12/2023 16:00:00,328.58,332.1,325.16,331.85,24306753
6/13/2023 16:00:00,334.47,336.98,330.39,334.29,22951279
6/14/2023 16:00:00,334.34,339.04,332.81,337.34,26003791
6/15/2023 16:00:00,337.48,349.84,337.2,348.1,38899075
6/16/2023 16:00:00,351.32,351.47,341.95,342.33,46551985
6/20/2023 16:00:00,339.31,342.08,335.86,338.05,26375407
6/21/2023 16:00:00,336.37,337.73,332.07,333.56,25117799
6/22/2023 16:00:00,334.12,340.12,333.34,339.71,23556764
6/23/2023 16:00:00,334.36,337.96,333.45,335.02,23146901
6/26/2023 16:00:00,333.72,336.11,328.49,328.6,21520582
6/27/2023 16:00:00,331.86,336.15,329.3,334.57,24354110
6/28/2023 16:00:00,334.66,337.98,333.81,335.85,20259523
6/29/2023 16:00:00,334.71,336.11,332.62,335.05,16997042
6/30/2023 16:00:00,337.75,342.73,337.2,340.54,26832756
7/3/2023 13:05:00,339.19,340.9,336.57,337.99,12508692
7/5/2023 16:00:00,335.09,341.65,334.73,338.15,18172378
7/6/2023 16:00:00,337.3,342.99,335.5,341.27,28195534
7/7/2023 16:00:00,339.32,341.79,337,337.22,21214824
7/10/2023 16:00:00,334.6,335.23,327.59,331.83,32791449
7/11/2023 16:00:00,331.06,332.86,327,332.47,26698218
7/12/2023 16:00:00,336.6,341.65,335.67,337.2,29995262
7/13/2023 16:00:00,339.56,343.74,339.02,342.66,20567159
7/14/2023 16:00:00,347.59,351.43,344.31,345.24,28352729
7/17/2023 16:00:00,345.68,346.99,342.2,345.73,20363927
7/18/2023 16:00:00,345.83,366.78,342.17,359.49,64872705
7/19/2023 16:00:00,361.75,362.46,352.44,355.08,39732901
7/20/2023 16:00:00,353.57,357.97,345.37,346.87,33778395
7/21/2023 16:00:00,349.15,350.3,339.83,343.77,69405382
7/24/2023 16:00:00,345.85,346.92,342.31,345.11,26719207
7/25/2023 16:00:00,347.11,351.89,345.07,350.98,41637739
7/26/2023 16:00:00,341.44,344.67,333.11,337.77,58383702
7/27/2023 16:00:00,340.48,341.33,329.05,330.72,39635262
7/28/2023 16:00:00,333.67,340.01,333.17,338.37,28484868
7/31/2023 16:00:00,336.92,337.7,333.36,335.92,25446022
8/1/2023 16:00:00,335.19,338.54,333.7,336.34,18381253
8/2/2023 16:00:00,333.63,333.63,326.36,327.5,27761257
8/3/2023 16:00:00,326,329.88,325.95,326.66,18360352
8/4/2023 16:00:00,331.88,335.14,327.24,327.78,23741484
8/7/2023 16:00:00,328.37,331.11,327.52,330.11,17741526
8/8/2023 16:00:00,326.96,328.75,323,326.05,22327574
8/9/2023 16:00:00,326.47,327.11,321.05,322.23,22373268
8/10/2023 16:00:00,326.02,328.26,321.18,322.93,20113725
8/11/2023 16:00:00,320.26,322.41,319.21,321.01,24355491
8/14/2023 16:00:00,321.39,324.06,320.08,324.04,18836139
8/15/2023 16:00:00,323,325.09,320.9,321.86,16966285
8/16/2023 16:00:00,320.8,324.42,319.8,320.4,20698864
8/17/2023 16:00:00,320.54,321.87,316.21,316.88,21257161
8/18/2023 16:00:00,314.49,318.38,311.55,316.48,24755012
8/21/2023 16:00:00,317.93,322.77,317.04,321.88,24039956
8/22/2023 16:00:00,325.5,326.08,321.46,322.46,16102024
8/23/2023 16:00:00,323.82,329.2,323.46,327,21166382
8/24/2023 16:00:00,332.85,332.98,319.96,319.97,23281434
8/25/2023 16:00:00,321.47,325.36,318.8,322.98,21684104
8/28/2023 16:00:00,325.66,326.15,321.72,323.7,14808482
8/29/2023 16:00:00,321.88,328.98,321.88,328.41,19284590
8/30/2023 16:00:00,328.67,329.81,326.45,328.79,15222110
8/31/2023 16:00:00,329.2,330.91,326.78,327.76,26410954
9/1/2023 16:00:00,331.31,331.99,326.78,328.66,14942024
9/5/2023 16:00:00,329,334.85,328.66,333.55,18553859
9/6/2023 16:00:00,333.38,334.46,330.18,332.88,17535773
9/7/2023 16:00:00,331.29,333.08,329.03,329.91,18380995
9/8/2023 16:00:00,330.09,336.16,329.46,334.27,19548165
9/11/2023 16:00:00,337.24,338.42,335.43,337.94,16583324
9/12/2023 16:00:00,335.82,336.79,331.48,331.77,17565482
9/13/2023 16:00:00,331.31,336.85,331.17,336.06,16544412
9/14/2023 16:00:00,339.15,340.86,336.57,338.7,20267048
9/15/2023 16:00:00,336.92,337.4,329.65,330.22,37679792
9/18/2023 16:00:00,327.8,330.4,326.36,329.06,16834208
9/19/2023 16:00:00,326.17,329.39,324.51,328.65,16514487
9/20/2023 16:00:00,329.51,329.59,320.51,320.77,21436525
9/21/2023 16:00:00,319.26,325.35,315,319.53,35560362
9/22/2023 16:00:00,321.32,321.45,316.15,317.01,21447887
9/25/2023 16:00:00,316.59,317.67,315,317.54,17835964
9/26/2023 16:00:00,315.13,315.88,310.02,312.14,26297573
9/27/2023 16:00:00,312.3,314.3,309.69,312.79,19410082
9/28/2023 16:00:00,310.99,315.48,309.45,313.64,19683564
9/29/2023 16:00:00,317.75,319.47,314.98,315.75,24147298
10/2/2023 16:00:00,316.28,321.89,315.18,321.8,20570006
10/3/2023 16:00:00,320.83,321.39,311.21,313.39,21033492
10/4/2023 16:00:00,314.03,320.04,314,318.96,20720144
10/5/2023 16:00:00,319.09,319.98,314.9,319.36,16965629
10/6/2023 16:00:00,316.55,329.19,316.3,327.26,25673630
10/9/2023 16:00:00,324.75,330.3,323.18,329.82,19891180
10/10/2023 16:00:00,330.96,331.1,327.67,328.39,20557094
10/11/2023 16:00:00,331.21,332.82,329.14,332.42,20063246
10/12/2023 16:00:00,330.57,333.63,328.72,331.16,19313098
10/13/2023 16:00:00,332.38,333.83,326.36,327.73,21085695
10/16/2023 16:00:00,331.05,336.14,330.6,332.64,22158048
10/17/2023 16:00:00,329.59,333.46,327.41,332.06,18338523
10/18/2023 16:00:00,332.49,335.59,328.3,330.11,23153602
10/19/2023 16:00:00,332.15,336.88,330.91,331.32,25052071
10/20/2023 16:00:00,331.72,331.92,325.45,326.67,25027715
10/23/2023 16:00:00,325.47,332.73,324.39,329.32,24374748
10/24/2023 16:00:00,331.3,331.84,327.6,330.53,31153571
10/25/2023 16:00:00,345.02,346.2,337.62,340.67,55053828
10/26/2023 16:00:00,340.54,341.63,326.94,327.89,37828543
10/27/2023 16:00:00,330.43,336.72,328.4,329.81,29856522
10/30/2023 16:00:00,333.41,339.45,331.83,337.31,22828082
10/31/2023 16:00:00,338.85,339,334.69,338.11,20265282
11/1/2023 16:00:00,339.79,347.42,339.65,346.07,28158819
11/2/2023 16:00:00,347.24,348.83,344.77,348.32,24348072
11/3/2023 16:00:00,349.63,354.39,347.33,352.8,23637673
11/6/2023 16:00:00,353.45,357.54,353.35,356.53,23828301
11/7/2023 16:00:00,359.4,362.46,357.63,360.53,25833931
11/8/2023 16:00:00,361.68,363.87,360.55,363.2,26767828
11/9/2023 16:00:00,362.3,364.79,360.36,360.69,24847331
11/10/2023 16:00:00,361.49,370.1,361.07,369.67,28065164
11/13/2023 16:00:00,368.22,368.47,365.9,366.68,19986506
11/14/2023 16:00:00,371.01,371.95,367.35,370.27,27683862
11/15/2023 16:00:00,371.28,373.13,367.11,369.67,26860095
11/16/2023 16:00:00,370.96,376.35,370.18,376.17,27182315
11/17/2023 16:00:00,373.61,374.37,367,369.85,40325371
11/20/2023 16:00:00,371.22,378.87,371,377.44,52528964
11/21/2023 16:00:00,375.67,376.22,371.12,373.07,28423145
11/22/2023 16:00:00,378,379.79,374.97,377.85,23361184
11/24/2023 13:05:00,377.33,377.97,375.14,377.43,10176649
11/27/2023 16:00:00,376.78,380.64,376.2,378.61,22179228
11/28/2023 16:00:00,378.35,383,378.16,382.7,20453112
11/29/2023 16:00:00,383.76,384.3,377.44,378.85,28963399
11/30/2023 16:00:00,378.49,380.09,375.47,378.91,30554415
12/1/2023 16:00:00,376.76,378.16,371.31,374.51,33040472
12/4/2023 16:00:00,369.1,369.52,362.9,369.14,32063305
12/5/2023 16:00:00,366.45,373.08,365.62,372.52,23065035
12/6/2023 16:00:00,373.54,374.18,368.03,368.8,21182072
12/7/2023 16:00:00,368.23,371.45,366.32,370.95,23118864
12/8/2023 16:00:00,369.2,374.46,368.23,374.23,20154366
12/11/2023 16:00:00,368.48,371.6,366.1,371.3,27708757
12/12/2023 16:00:00,370.85,374.42,370.46,374.38,24838253
12/13/2023 16:00:00,376.02,377.64,370.77,374.37,30955531
12/14/2023 16:00:00,373.31,373.76,364.13,365.93,43277461
12/15/2023 16:00:00,366.85,372.4,366.28,370.73,78502324
12/18/2023 16:00:00,369.45,373,368.68,372.65,21802878
12/19/2023 16:00:00,371.49,373.26,369.84,373.26,20603658
12/20/2023 16:00:00,375,376.03,370.53,370.62,26316650
12/21/2023 16:00:00,372.56,374.41,370.04,373.54,17708006
12/22/2023 16:00:00,373.68,375.18,372.71,374.58,17107484
12/26/2023 16:00:00,375,376.94,373.5,374.66,12673050
12/27/2023 16:00:00,373.69,375.06,372.81,374.07,14905412
12/28/2023 16:00:00,375.37,376.46,374.16,375.28,14327013
12/29/2023 16:00:00,376,377.16,373.48,376.04,18730838
1/2/2024 16:00:00,373.86,375.9,366.77,370.87,25258633
1/3/2024 16:00:00,369.01,373.26,368.51,370.6,23083465
1/4/2024 16:00:00,370.67,373.1,367.17,367.94,20901502
1/5/2024 16:00:00,368.97,372.06,366.5,367.75,21004575
1/8/2024 16:00:00,369.3,375.2,369.01,374.69,23133967
1/9/2024 16:00:00,372.01,375.99,371.19,375.79,20829953
1/10/2024 16:00:00,376.37,384.17,376.32,382.77,25514245
1/11/2024 16:00:00,386,390.68,380.38,384.63,27850846
1/12/2024 16:00:00,385.49,388.68,384.65,388.47,21661153
1/16/2024 16:00:00,393.66,394.03,387.62,390.27,27202268
1/17/2024 16:00:00,387.98,390.11,384.81,389.47,22234108
1/18/2024 16:00:00,391.72,393.99,390.12,393.87,23392068
1/19/2024 16:00:00,395.76,398.67,393.5,398.67,29331136
1/22/2024 16:00:00,400.02,400.62,393.59,396.51,27016902
1/23/2024 16:00:00,395.75,399.38,393.93,398.9,20525882
1/24/2024 16:00:00,401.54,405.63,400.45,402.56,24866953
1/25/2024 16:00:00,404.32,407.01,402.53,404.87,21021155
1/26/2024 16:00:00,404.37,406.17,402.43,403.93,17803271
1/29/2024 16:00:00,406.06,409.98,404.33,409.72,24510236
1/30/2024 16:00:00,412.26,413.05,406.45,408.59,33477610
1/31/2024 16:00:00,406.96,415.32,397.21,397.58,47871097
2/1/2024 16:00:00,401.83,408,401.8,403.78,30657726
2/2/2024 16:00:00,403.81,412.65,403.56,411.22,28256670
2/5/2024 16:00:00,409.9,411.16,403.99,405.65,25352286
2/6/2024 16:00:00,405.88,407.97,402.91,405.49,18382624
2/7/2024 16:00:00,407.44,414.3,407.4,414.05,22340526
2/8/2024 16:00:00,414.05,415.56,412.53,414.11,21225257
2/9/2024 16:00:00,415.25,420.82,415.09,420.55,22032844
2/12/2024 16:00:00,420.56,420.74,414.75,415.26,21202921
2/13/2024 16:00:00,404.94,410.07,403.39,406.32,27824936
2/14/2024 16:00:00,408.07,409.84,404.57,409.49,20401190
2/15/2024 16:00:00,408.14,409.13,404.29,406.56,21825525
2/16/2024 16:00:00,407.96,408.29,403.44,404.06,22296495
2/20/2024 16:00:00,403.24,404.49,398.01,402.79,24307915
2/21/2024 16:00:00,400.17,402.29,397.22,402.18,18631072
2/22/2024 16:00:00,410.19,412.83,408.57,411.65,27009869
2/23/2024 16:00:00,415.67,415.86,408.97,410.34,16295879
2/26/2024 16:00:00,411.46,412.16,407.36,407.54,16193505
2/27/2024 16:00:00,407.99,408.32,403.85,407.48,14835827
2/28/2024 16:00:00,408.18,409.3,405.32,407.72,13183125
2/29/2024 16:00:00,408.64,414.2,405.92,413.64,31947263
3/1/2024 16:00:00,411.27,415.87,410.88,415.5,17823445
3/4/2024 16:00:00,413.44,417.35,412.32,414.92,17595956
3/5/2024 16:00:00,413.96,414.25,400.64,402.65,26919177
3/6/2024 16:00:00,402.97,405.16,398.39,402.09,22344149
3/7/2024 16:00:00,406.12,409.78,402.24,409.14,18718479
3/8/2024 16:00:00,407.96,410.42,404.33,406.22,18002186
3/11/2024 16:00:00,403.76,405.68,401.26,404.52,16120752
3/12/2024 16:00:00,407.62,415.57,406.79,415.28,22457003
3/13/2024 16:00:00,418.1,418.18,411.45,415.1,17115931
3/14/2024 16:00:00,420.24,427.82,417.99,425.22,34157299
3/15/2024 16:00:00,419.29,422.6,412.79,416.42,45079903
3/18/2024 16:00:00,414.25,420.73,413.78,417.32,20105977
3/19/2024 16:00:00,417.83,421.67,415.55,421.41,19837915
3/20/2024 16:00:00,422,425.96,420.66,425.23,17860085
3/21/2024 16:00:00,429.83,430.82,427.16,429.37,21296222
3/22/2024 16:00:00,429.7,429.86,426.07,428.74,17648473
3/25/2024 16:00:00,425.24,427.41,421.61,422.86,18060450
3/26/2024 16:00:00,425.61,425.99,421.35,421.65,16725647
3/27/2024 16:00:00,424.44,424.45,419.01,421.43,16704978
3/28/2024 16:00:00,420.96,421.87,419.12,420.72,21871161
4/1/2024 16:00:00,423.95,427.89,422.22,424.57,16315961
4/2/2024 16:00:00,420.11,422.38,417.84,421.44,17911992
4/3/2024 16:00:00,419.73,423.26,419.09,420.45,16502264
4/4/2024 16:00:00,424.99,428.67,417.57,417.88,19370875
4/5/2024 16:00:00,420.01,426.51,418.32,425.52,16554761
4/8/2024 16:00:00,425.17,427.28,423.3,424.59,14272387
4/9/2024 16:00:00,426.44,427.74,421.62,426.28,12512289
4/10/2024 16:00:00,422.19,424.03,419.7,423.26,16216581
4/11/2024 16:00:00,425.82,429.37,422.36,427.93,17966423
4/12/2024 16:00:00,424.05,425.18,419.77,421.9,19253750
4/15/2024 16:00:00,426.6,426.82,413.43,413.64,20273538
4/16/2024 16:00:00,414.57,418.4,413.73,414.58,16765616
4/17/2024 16:00:00,417.25,418.88,410.33,411.84,15855485
4/18/2024 16:00:00,410.63,411.89,403.95,404.27,21029917
4/19/2024 16:00:00,404.03,405.48,397.77,399.12,30565789
4/22/2024 16:00:00,400.08,402.85,395.75,400.96,20286875
4/23/2024 16:00:00,404.24,408.2,403.06,407.57,15734501
4/24/2024 16:00:00,409.56,412.47,406.78,409.06,15065330
4/25/2024 16:00:00,394.03,399.89,388.03,399.04,40586450
4/26/2024 16:00:00,412.17,413,405.76,406.32,29694654
4/29/2024 16:00:00,405.25,406.32,399.19,402.25,19582091
4/30/2024 16:00:00,401.49,402.16,389.17,389.33,28781374
5/1/2024 16:00:00,392.61,401.72,390.31,394.94,23562481
5/2/2024 16:00:00,397.66,399.93,394.65,397.84,17709364
5/3/2024 16:00:00,402.28,407.15,401.86,406.66,17446724
5/6/2024 16:00:00,408.76,413.93,406.37,413.54,16996639
5/7/2024 16:00:00,414.66,414.67,409.09,409.34,20018228
5/8/2024 16:00:00,408.17,412.23,406.71,410.54,11792308
5/9/2024 16:00:00,410.57,412.72,409.1,412.32,14689727
5/10/2024 16:00:00,412.94,415.38,411.8,414.74,13402281
5/13/2024 16:00:00,418.01,418.35,410.82,413.72,15440226
5/14/2024 16:00:00,412.02,417.49,411.55,416.56,15109306
5/15/2024 16:00:00,417.9,423.81,417.27,423.08,22239533
5/16/2024 16:00:00,421.8,425.42,420.35,420.99,17530050
5/17/2024 16:00:00,422.54,422.92,418.03,420.21,15352239
5/20/2024 16:00:00,420.21,426.77,419.99,425.34,16272137
5/21/2024 16:00:00,426.83,432.97,424.85,429.04,21453255
5/22/2024 16:00:00,430.09,432.41,427.13,430.52,18073698
5/23/2024 16:00:00,432.97,433.6,425.42,427,17211689
5/24/2024 16:00:00,427.19,431.06,424.41,430.16,11855285
5/28/2024 16:00:00,429.63,430.82,426.6,430.32,15718024
5/29/2024 16:00:00,425.69,430.94,425.69,429.17,15517130
5/30/2024 16:00:00,424.3,424.3,414.24,414.67,28424847
5/31/2024 16:00:00,416.75,416.75,404.51,415.13,47995250
6/3/2024 16:00:00,415.53,416.43,408.92,413.52,17484675
6/4/2024 16:00:00,412.43,416.44,409.68,416.07,14348917
6/5/2024 16:00:00,417.81,424.08,416.3,424.01,16988038
6/6/2024 16:00:00,424.01,425.31,420.58,424.52,14861251
6/7/2024 16:00:00,426.2,426.28,423,423.85,13621650
6/10/2024 16:00:00,424.7,428.08,423.89,427.87,14003034
6/11/2024 16:00:00,425.48,432.82,425.25,432.68,14551101
6/12/2024 16:00:00,435.32,443.4,433.25,441.06,22366233
6/13/2024 16:00:00,440.85,443.39,439.37,441.58,15960565
6/14/2024 16:00:00,438.28,443.14,436.72,442.57,13581985
6/17/2024 16:00:00,442.59,450.94,440.72,448.37,20790030
6/18/2024 16:00:00,449.71,450.14,444.89,446.34,17112504
6/20/2024 16:00:00,446.3,446.53,441.27,445.7,19877378
6/21/2024 16:00:00,447.38,450.58,446.51,449.78,34486172
6/24/2024 16:00:00,449.8,452.75,446.41,447.67,15913719
6/25/2024 16:00:00,448.25,451.42,446.75,450.95,16747529
6/26/2024 16:00:00,449,453.6,448.19,452.16,16507030
6/27/2024 16:00:00,452.18,456.17,451.77,452.85,14806324
6/28/2024 16:00:00,453.07,455.38,446.41,446.95,28362271
7/1/2024 16:00:00,448.66,457.37,445.66,456.73,17662818
7/2/2024 16:00:00,453.2,459.59,453.11,459.28,13979779
7/3/2024 13:05:00,458.19,461.02,457.88,460.77,9932830
7/5/2024 16:00:00,459.61,468.35,458.97,467.56,16000290
7/8/2024 16:00:00,466.55,467.7,464.46,466.24,12962321
7/9/2024 16:00:00,467,467.33,458,459.54,17228507
7/10/2024 16:00:00,461.22,466.46,458.86,466.25,18196100
7/11/2024 16:00:00,462.98,464.78,451.55,454.7,23111175
7/12/2024 16:00:00,454.33,456.36,450.65,453.55,16324274
7/15/2024 16:00:00,453.3,457.26,451.43,453.96,14429447
7/16/2024 16:00:00,454.22,454.3,446.66,449.52,17175679
7/17/2024 16:00:00,442.59,444.85,439.18,443.52,21754021
7/18/2024 16:00:00,444.34,444.65,434.4,440.37,20794822
7/19/2024 16:00:00,433.1,441.14,432,437.11,20940417
7/22/2024 16:00:00,441.79,444.6,438.91,442.94,15808755
7/23/2024 16:00:00,443.9,448.39,443.1,444.85,13107050
7/24/2024 16:00:00,440.45,441.48,427.59,428.9,26805800
7/25/2024 16:00:00,428.8,429.8,417.51,418.4,29943795
7/26/2024 16:00:00,418.2,428.92,417.27,425.27,23583839
7/29/2024 16:00:00,431.58,432.15,424.7,426.73,15125836
7/30/2024 16:00:00,427.72,429.05,417.36,422.92,32687578
7/31/2024 16:00:00,420.5,421.78,412.21,418.35,42891366
8/1/2024 16:00:00,420.79,427.46,413.09,417.11,30296400
8/2/2024 16:00:00,412.49,415,404.34,408.49,29437900
8/5/2024 16:00:00,389.17,401.04,385.58,395.15,40709238
8/6/2024 16:00:00,400,405.67,398.5,399.61,24946525
8/7/2024 16:00:00,408.64,410.08,397.47,398.43,20650906
8/8/2024 16:00:00,402.44,405.86,399.94,402.69,20203030
8/9/2024 16:00:00,404.03,408.05,402.26,406.02,19276666
8/12/2024 16:00:00,407.06,408.76,404.24,406.81,16762883
8/13/2024 16:00:00,409.59,414.95,409.57,414.01,19414271
8/14/2024 16:00:00,414.8,417.72,412.45,416.86,18266980
8/15/2024 16:00:00,419.8,421.11,417.66,421.03,20752144
8/16/2024 16:00:00,420.6,421.34,417.3,418.47,22775593
8/19/2024 16:00:00,418.96,421.75,416.46,421.53,15233957
8/20/2024 16:00:00,421.7,425.86,421.64,424.8,16387581
8/21/2024 16:00:00,424.08,426.4,421.72,424.14,16067298
8/22/2024 16:00:00,424.36,426.79,414.61,415.55,19361901
8/23/2024 16:00:00,416.98,419.26,412.09,416.79,18493784
8/26/2024 16:00:00,416.37,417.28,411.34,413.49,13152830
8/27/2024 16:00:00,412.86,414.36,410.25,413.84,13492911
8/28/2024 16:00:00,414.88,415,407.31,410.6,14882660
8/29/2024 16:00:00,414.94,422.05,410.6,413.12,17045241
8/30/2024 16:00:00,415.6,417.49,412.13,417.14,24308324
9/3/2024 16:00:00,417.91,419.88,407.03,409.44,20313603
9/4/2024 16:00:00,405.91,411.24,404.37,408.9,15135806
9/5/2024 16:00:00,407.62,413.1,406.13,408.39,14195516
9/6/2024 16:00:00,409.06,410.65,400.8,401.7,19609526
9/9/2024 16:00:00,407.24,408.65,402.15,405.72,15295134
9/10/2024 16:00:00,408.2,416.33,407.7,414.2,19594287
9/11/2024 16:00:00,415.5,423.99,409.58,423.04,19266923
9/12/2024 16:00:00,423.31,427.37,419.75,427,17418759
9/13/2024 16:00:00,425.83,431.83,425.46,430.59,15874555
9/16/2024 16:00:00,430.6,433.53,428.22,431.34,13834697
9/17/2024 16:00:00,440.23,441.85,432.27,435.15,18874231
9/18/2024 16:00:00,435,436.03,430.41,430.81,18898042
9/19/2024 16:00:00,441.23,441.5,436.9,438.69,21706559
9/20/2024 16:00:00,437.22,439.24,434.22,435.27,55167106
9/23/2024 16:00:00,434.28,436.46,430.39,433.51,15128891
9/24/2024 16:00:00,433,433.35,426.1,429.17,17015754
9/25/2024 16:00:00,429.83,433.12,428.57,432.11,13396364
9/26/2024 16:00:00,435.09,435.3,429.13,431.31,14492044
9/27/2024 16:00:00,431.52,431.85,427.47,428.02,14896131
9/30/2024 16:00:00,428.21,430.42,425.37,430.3,16854606
10/1/2024 16:00:00,428.45,428.48,418.81,420.69,19092945
10/2/2024 16:00:00,422.58,422.82,416.71,417.13,16582257
10/3/2024 16:00:00,417.63,419.55,414.29,416.54,13686421
10/4/2024 16:00:00,418.24,419.75,414.97,416.06,19190913
10/7/2024 16:00:00,416,417.11,409,409.54,20919761
10/8/2024 16:00:00,410.9,415.66,408.17,414.71,19229261
10/9/2024 16:00:00,415.86,420.38,414.3,417.46,14974257
10/10/2024 16:00:00,415.23,417.35,413.15,415.84,13848376
10/11/2024 16:00:00,416.14,417.13,413.25,416.32,14144944
10/14/2024 16:00:00,417.77,424.04,417.52,419.14,16653086
10/15/2024 16:00:00,422.18,422.48,415.26,418.74,18900201
10/16/2024 16:00:00,415.17,416.36,410.48,416.12,15508932
10/17/2024 16:00:00,422.36,422.5,415.59,416.72,14820004
10/18/2024 16:00:00,417.14,419.65,416.26,418.16,17145317
10/21/2024 16:00:00,416.12,418.96,413.75,418.78,14206115
10/22/2024 16:00:00,418.49,430.58,418.04,427.51,25482197
10/23/2024 16:00:00,430.86,431.08,422.53,424.6,19654379
10/24/2024 16:00:00,425.33,425.98,422.4,424.73,13581631
10/25/2024 16:00:00,426.76,432.52,426.57,428.15,16899064
10/28/2024 16:00:00,431.66,431.94,426.3,426.59,14882444
10/29/2024 16:00:00,428,433.17,425.8,431.95,17644080
10/30/2024 16:00:00,437.44,438.5,432.1,432.53,29749149
10/31/2024 16:00:00,415.36,416.16,406.3,406.35,53970981
11/1/2024 16:00:00,409.01,415.5,407.5,410.37,24230442
11/4/2024 16:00:00,409.8,410.42,405.57,408.46,19672286
11/5/2024 16:00:00,408.37,414.9,408.08,411.46,17626011
11/6/2024 16:00:00,412.42,420.45,410.52,420.18,26681842
11/7/2024 16:00:00,421.28,426.85,419.88,425.43,19901782
11/8/2024 16:00:00,425.32,426.5,421.78,422.54,16891414
11/11/2024 16:00:00,422.52,424.81,416,418.01,24503321
11/12/2024 16:00:00,418.25,424.44,417.2,423.03,19401204
11/13/2024 16:00:00,421.64,429.33,418.21,425.2,21502185
11/14/2024 16:00:00,425,428.17,420,426.89,30246881
11/15/2024 16:00:00,419.82,422.8,413.64,415,28247644
11/18/2024 16:00:00,414.87,418.4,412.1,415.76,24742013
11/19/2024 16:00:00,413.11,417.94,411.55,417.79,18133529
11/20/2024 16:00:00,416.87,417.29,410.58,415.49,19191655
11/21/2024 16:00:00,419.5,419.78,410.29,412.87,20780162
11/22/2024 16:00:00,411.37,417.4,411.06,417,24814626
11/25/2024 16:00:00,418.38,421.08,414.85,418.79,27691090
11/26/2024 16:00:00,419.59,429.04,418.85,427.99,23458889
11/27/2024 16:00:00,425.11,427.23,422.02,422.99,18332444
11/29/2024 13:05:00,420.09,424.88,417.8,423.46,16271921
12/2/2024 16:00:00,421.57,433,421.31,430.98,20207223
12/3/2024 16:00:00,429.84,432.47,427.74,431.2,18301987
12/4/2024 16:00:00,433.03,439.67,432.63,437.42,26009429
12/5/2024 16:00:00,437.92,444.66,436.17,442.62,21697775
12/6/2024 16:00:00,442.3,446.1,441.77,443.57,18821002
12/9/2024 16:00:00,442.6,448.33,440.5,446.02,19144388
12/10/2024 16:00:00,444.39,449.62,441.6,443.33,18469459
12/11/2024 16:00:00,444.05,450.35,444.05,448.99,19200208
12/12/2024 16:00:00,449.11,456.16,449.11,449.56,20834779
12/13/2024 16:00:00,448.44,451.43,445.58,447.27,20177833
12/16/2024 16:00:00,447.27,452.18,445.28,451.59,23598834
12/17/2024 16:00:00,451.01,455.29,449.57,454.46,22733494
12/18/2024 16:00:00,451.32,452.65,437.02,437.39,24444545
12/19/2024 16:00:00,441.62,443.18,436.32,437.03,22963681
12/20/2024 16:00:00,433.11,443.74,428.63,436.6,64263694
12/23/2024 16:00:00,436.74,437.65,432.83,435.25,19152519
12/24/2024 13:05:00,434.65,439.6,434.19,439.33,7164543
12/26/2024 16:00:00,439.08,440.94,436.63,438.11,8199927
12/27/2024 16:00:00,434.6,435.22,426.35,430.53,18117713
12/30/2024 16:00:00,426.06,427.55,421.9,424.83,13158703
12/31/2024 16:00:00,426.1,426.73,420.66,421.5,13246509
1/2/2025 16:00:00,425.53,426.07,414.85,418.58,16896469
1/3/2025 16:00:00,421.08,424.03,419.54,423.35,16662943
1/6/2025 16:00:00,428,434.32,425.48,427.85,20573648
1/7/2025 16:00:00,429,430.65,420.8,422.37,18139065
1/8/2025 16:00:00,423.46,426.97,421.54,424.56,15054575
1/10/2025 16:00:00,424.63,424.71,415.02,418.95,20201132
1/13/2025 16:00:00,415.24,418.5,412.29,417.19,17604780
1/14/2025 16:00:00,417.81,419.74,410.72,415.67,16935856
1/15/2025 16:00:00,419.13,428.15,418.27,426.31,19637838
1/16/2025 16:00:00,428.7,429.49,424.39,424.58,15300023
1/17/2025 16:00:00,434.09,434.48,428.17,429.03,26197507
1/21/2025 16:00:00,430.2,430.9,425.6,428.5,26085703
1/22/2025 16:00:00,437.56,447.27,436,446.2,27803811
1/23/2025 16:00:00,442,446.75,441.5,446.71,18389270
1/24/2025 16:00:00,445.16,446.65,441.4,444.06,15549453
1/27/2025 16:00:00,424.01,435.2,423.5,434.56,35647805
1/28/2025 16:00:00,434.6,448.38,431.38,447.2,23491703
1/29/2025 16:00:00,446.69,446.88,440.4,442.33,23581370
1/30/2025 16:00:00,418.77,422.86,413.16,414.99,54586260
1/31/2025 16:00:00,418.98,420.69,414.91,415.06,34223388
2/3/2025 16:00:00,411.6,415.41,408.66,410.92,25679149
2/4/2025 16:00:00,412.69,413.92,409.74,412.37,20532096
2/5/2025 16:00:00,412.35,413.83,410.4,413.29,16336188
2/6/2025 16:00:00,414,418.2,414,415.82,16309755
2/7/2025 16:00:00,416.48,418.65,408.1,409.75,22886844
2/10/2025 16:00:00,413.71,415.46,410.92,412.22,20817919
2/11/2025 16:00:00,409.64,412.49,409.3,411.44,18140592
2/12/2025 16:00:00,407.21,410.75,404.37,409.04,19121734
2/13/2025 16:00:00,407,411,406.36,410.54,23891731
2/14/2025 16:00:00,407.79,408.91,405.88,408.43,22758464
2/18/2025 16:00:00,408,410.6,406.5,409.64,21423051
2/19/2025 16:00:00,407.88,415.49,407.65,414.77,24114197
2/20/2025 16:00:00,415.29,419.31,412.54,416.13,23508728
2/21/2025 16:00:00,417.34,418.05,407.89,408.21,27524799
2/24/2025 16:00:00,408.51,409.37,399.32,404,26443656
2/25/2025 16:00:00,401.1,401.92,396.7,397.9,29387402
2/26/2025 16:00:00,398.01,403.6,394.25,399.73,19618954
2/27/2025 16:00:00,401.27,405.74,392.17,392.53,21127406
2/28/2025 16:00:00,392.66,397.63,386.57,396.99,32845658
3/3/2025 16:00:00,398.82,398.82,386.16,388.49,23007726
3/4/2025 16:00:00,383.4,392.58,381,388.61,29342923
3/5/2025 16:00:00,389.34,401.67,388.81,401.02,23433132
3/6/2025 16:00:00,394.28,402.15,392.68,396.89,23304625
3/7/2025 16:00:00,392.32,394.8,385.54,393.31,22034087
3/10/2025 16:00:00,385.84,386.4,377.22,380.16,32840134
3/11/2025 16:00:00,379,386,376.91,380.45,30380177
3/12/2025 16:00:00,382.95,385.22,378.95,383.27,24253567
3/13/2025 16:00:00,383.16,385.32,377.45,378.77,20473017
3/14/2025 16:00:00,379.78,390.23,379.51,388.56,19952846
3/17/2025 16:00:00,386.7,392.71,385.57,388.7,22474272
3/18/2025 16:00:00,387.07,387.37,381.1,383.52,19486850
3/19/2025 16:00:00,385.53,389.68,384,387.82,19185532
3/20/2025 16:00:00,385.74,391.79,383.28,386.84,18470542
3/21/2025 16:00:00,383.22,391.74,382.8,391.26,39675928
3/24/2025 16:00:00,395.4,395.4,389.81,393.08,21004548
3/25/2025 16:00:00,393.92,396.36,392.64,395.16,15774968
3/26/2025 16:00:00,395,395.31,388.57,389.97,16132906
3/27/2025 16:00:00,390.13,392.24,387.4,390.58,13766761
3/28/2025 16:00:00,388.08,389.13,376.93,378.8,21632016
3/31/2025 16:00:00,372.54,377.07,367.24,375.39,35184676
4/1/2025 16:00:00,374.65,382.85,373.23,382.19,19689503
4/2/2025 16:00:00,377.97,385.08,376.62,382.14,16092555
4/3/2025 16:00:00,374.79,377.48,369.35,373.11,30197997
4/4/2025 16:00:00,364.13,374.59,359.48,359.84,49209854
4/7/2025 16:00:00,350.88,371,344.79,357.86,50424998
4/8/2025 16:00:00,368.26,373.65,350.25,354.56,35868918
4/9/2025 16:00:00,353.54,393.23,353.1,390.49,50199696
4/10/2025 16:00:00,382.06,383.9,367.8,381.35,38024368
4/11/2025 16:00:00,380.64,390.05,378.89,388.45,23839220
4/14/2025 16:00:00,393.22,394.65,384.21,387.81,19251172
4/15/2025 16:00:00,388.51,391.89,384.16,385.73,17199890
4/16/2025 16:00:00,380.67,381.61,368,371.61,21967826
4/17/2025 16:00:00,373.75,374.32,366.89,367.78,21120192
4/21/2025 16:00:00,362.82,364.48,355.67,359.12,20807279
4/22/2025 16:00:00,363.38,367.77,359.86,366.82,19484993
4/23/2025 16:00:00,376.06,380.39,373.02,374.39,20545526
4/24/2025 16:00:00,375.7,388.45,375.19,387.3,22232289
4/25/2025 16:00:00,387,392.16,384.6,391.85,18973165
4/28/2025 16:00:00,391.96,392.74,386.64,391.16,16579430
4/29/2025 16:00:00,391.3,395.1,390.38,394.04,14973976
4/30/2025 16:00:00,390.3,396.66,384.44,395.26,36461075
5/1/2025 16:00:00,431.11,436.99,424.9,425.4,58938100
5/2/2025 16:00:00,431.74,439.44,429.99,435.28,30757434
5/5/2025 16:00:00,432.87,439.5,432.11,436.17,20136053
5/6/2025 16:00:00,432.2,437.73,431.17,433.31,15104204
5/7/2025 16:00:00,433.84,438.12,431.11,433.35,23307241
5/8/2025 16:00:00,437.93,443.67,435.66,438.17,23491330
5/9/2025 16:00:00,440,440.74,435.88,438.73,15324233
5/12/2025 16:00:00,445.94,449.37,439.78,449.26,22821935
5/13/2025 16:00:00,447.78,450.67,445.36,449.14,23618819
5/14/2025 16:00:00,448.14,453.9,448.14,452.94,19902796
5/15/2025 16:00:00,450.77,456.19,450.43,453.13,21992323
5/16/2025 16:00:00,452.05,454.36,448.73,454.27,23849781
5/19/2025 16:00:00,450.88,459.59,450.8,458.87,21336509
5/20/2025 16:00:00,455.59,458.34,454.32,458.17,15441808
5/21/2025 16:00:00,454.57,457.78,451.81,452.57,19216906
5/22/2025 16:00:00,454.95,460.25,453.9,454.86,18025612
5/23/2025 16:00:00,449.98,453.69,448.91,450.18,16883509
5/27/2025 16:00:00,456.48,460.95,456.12,460.69,20974293
5/28/2025 16:00:00,461.22,462.52,456.93,457.36,17086261
5/29/2025 16:00:00,461.55,461.72,455.31,458.68,13982211
5/30/2025 16:00:00,459.72,461.68,455.54,460.36,34770475
6/2/2025 16:00:00,457.14,462.11,456.89,461.97,16626495
6/3/2025 16:00:00,461.47,464.14,460.86,462.97,15743760
6/4/2025 16:00:00,464,465.69,463.02,463.87,14162688
6/5/2025 16:00:00,464.96,469.65,464.03,467.68,20154460
6/6/2025 16:00:00,470.09,473.34,468.78,470.38,15285624
6/9/2025 16:00:00,469.7,473.43,468.62,472.75,16469932
6/10/2025 16:00:00,471.19,472.8,466.96,470.92,15375944
6/11/2025 16:00:00,470.02,475.47,469.66,472.62,16399176
6/12/2025 16:00:00,475.02,480.42,473.52,478.87,18950582
6/13/2025 16:00:00,476.41,479.18,472.76,474.96,16814456
6/16/2025 16:00:00,475.21,480.69,475,479.14,15626104
6/17/2025 16:00:00,475.4,478.74,474.08,478.04,15414128
6/18/2025 16:00:00,478,481,474.46,480.24,17526452
6/20/2025 16:00:00,482.23,483.46,476.87,477.4,37576206
6/23/2025 16:00:00,478.21,487.75,472.51,486,24863952
6/24/2025 16:00:00,488.95,491.85,486.8,490.11,22305642
6/25/2025 16:00:00,492.04,494.56,489.39,492.27,17495099
6/26/2025 16:00:00,492.98,498.04,492.81,497.45,21578853
6/27/2025 16:00:00,497.55,499.3,493.03,495.94,34539236
6/30/2025 16:00:00,497.04,500.76,495.33,497.41,28368991
7/1/2025 16:00:00,496.47,498.05,490.98,492.05,19945375
7/2/2025 16:00:00,489.99,493.5,488.7,491.09,16319641
7/3/2025 13:05:00,493.81,500.13,493.44,498.84,13984829
7/7/2025 16:00:00,497.38,498.75,495.23,497.72,13981605
7/8/2025 16:00:00,497.24,498.2,494.11,496.62,11846586
7/9/2025 16:00:00,500.3,506.78,499.74,503.51,18659538
7/10/2025 16:00:00,503.05,504.44,497.75,501.48,16498740
7/11/2025 16:00:00,498.47,505.03,497.8,503.32,16459512
7/14/2025 16:00:00,501.52,503.97,501.03,503.02,12058848
7/15/2025 16:00:00,503.02,508.3,502.79,505.82,14927202
7/16/2025 16:00:00,505.18,506.72,501.89,505.62,15154374
7/17/2025 16:00:00,505.68,513.37,505.62,511.7,17503129
7/18/2025 16:00:00,514.48,514.64,507.43,510.05,21209666
7/21/2025 16:00:00,506.71,512.09,505.55,510.06,14066805
7/22/2025 16:00:00,510.97,511.2,505.27,505.27,13868644
7/23/2025 16:00:00,506.75,506.79,500.7,505.87,16396585
7/24/2025 16:00:00,508.77,513.67,507.3,510.88,16107000
7/25/2025 16:00:00,512.47,518.29,510.36,513.71,19125699
7/28/2025 16:00:00,514.08,515,510.12,512.5,14308027
7/29/2025 16:00:00,515.53,517.62,511.56,512.57,16469235
7/30/2025 16:00:00,515.17,515.95,509.44,513.24,26380434
7/31/2025 16:00:00,555.23,555.45,531.9,533.5,51617326
8/1/2025 16:00:00,535,535.8,520.86,524.11,28977628
8/4/2025 16:00:00,528.27,538.25,528.13,535.64,25349004
8/5/2025 16:00:00,537.18,537.3,527.24,527.75,19171569
8/6/2025 16:00:00,530.9,531.7,524.03,524.94,21355702
8/7/2025 16:00:00,526.8,528.09,517.55,520.84,16079144
8/8/2025 16:00:00,522.6,524.66,519.41,522.04,15531009
8/11/2025 16:00:00,522.3,527.59,519.72,521.77,20194372
8/12/2025 16:00:00,523.75,530.98,522.7,529.24,18688921
8/13/2025 16:00:00,532.11,532.7,519.37,520.58,19619160
8/14/2025 16:00:00,522.56,525.95,520.14,522.48,20269074
8/15/2025 16:00:00,522.77,526.1,519.08,520.17,25213272
8/18/2025 16:00:00,521.59,522.82,514.02,517.1,23760583
8/19/2025 16:00:00,515,515.16,508.55,509.77,21481016
8/20/2025 16:00:00,509.87,511,504.44,505.72,27723025
8/21/2025 16:00:00,503.69,507.63,502.72,504.24,18443254
8/22/2025 16:00:00,504.25,510.73,502.41,507.23,24324161
8/25/2025 16:00:00,506.63,508.19,504.12,504.26,21638579
8/26/2025 16:00:00,504.36,504.98,498.51,502.04,30835709
8/27/2025 16:00:00,502,507.29,499.9,506.74,17277893
8/28/2025 16:00:00,507.09,511.09,505.5,509.64,18015593
8/29/2025 16:00:00,508.66,509.6,504.49,506.69,20961569